{
  "params": {
    "atr_window": 20,
    "commission": 0.0003,
    "slippage": 0.0005,
    "stamp_tax": 0.0005,
    "min_commission": 5.0,
    "systems": {
      "S1": {
        "entry": 20,
        "exit": 10,
        "name": "系统1(短期)"
      },
      "S2": {
        "entry": 55,
        "exit": 20,
        "name": "系统2(长期)"
      }
    },
    "stop_mults": [
      1,
      2,
      3
    ]
  },
  "rows": [
    {
      "stock": "贵州茅台",
      "code": "600519.SH",
      "system": "S1",
      "entry": 20,
      "exit": 10,
      "stop": 1,
      "total_with": -0.2447345341535685,
      "total_without": -0.22154718537539775,
      "annual_with": -0.08039101422735695,
      "mdd_with": 0.2737744659014473,
      "sharpe_with": -0.907104996219405,
      "win_rate": 0.0625,
      "pl": 0.35622337561585254,
      "n_trades": 16,
      "stop_exit_ratio": 0.875,
      "avg_hold_days": 5.25,
      "max_consec_loss": 14
    },
    {
      "stock": "贵州茅台",
      "code": "600519.SH",
      "system": "S1",
      "entry": 20,
      "exit": 10,
      "stop": 2,
      "total_with": -0.19365835852877455,
      "total_without": -0.17258198821843518,
      "annual_with": -0.062246620874855774,
      "mdd_with": 0.23082291590097415,
      "sharpe_with": -0.5493233588131072,
      "win_rate": 0.23076923076923078,
      "pl": 0.7620318636577795,
      "n_trades": 13,
      "stop_exit_ratio": 0.6923076923076923,
      "avg_hold_days": 10.615384615384615,
      "max_consec_loss": 5
    },
    {
      "stock": "贵州茅台",
      "code": "600519.SH",
      "system": "S1",
      "entry": 20,
      "exit": 10,
      "stop": 3,
      "total_with": -0.1729273800822103,
      "total_without": -0.1545839038799074,
      "annual_with": -0.05511200836939234,
      "mdd_with": 0.25851889895824165,
      "sharpe_with": -0.41408181275167305,
      "win_rate": 0.2727272727272727,
      "pl": 0.8432677827799896,
      "n_trades": 11,
      "stop_exit_ratio": 0.45454545454545453,
      "avg_hold_days": 18.727272727272727,
      "max_consec_loss": 4
    },
    {
      "stock": "贵州茅台",
      "code": "600519.SH",
      "system": "S2",
      "entry": 55,
      "exit": 20,
      "stop": 1,
      "total_with": -0.14595443393178908,
      "total_without": -0.1351382966562653,
      "annual_with": -0.046014589469055234,
      "mdd_with": 0.1748937879895569,
      "sharpe_with": -0.7701347066741794,
      "win_rate": 0.0,
      "pl": 0.0,
      "n_trades": 6,
      "stop_exit_ratio": 1.0,
      "avg_hold_days": 6.666666666666667,
      "max_consec_loss": 6
    },
    {
      "stock": "贵州茅台",
      "code": "600519.SH",
      "system": "S2",
      "entry": 55,
      "exit": 20,
      "stop": 2,
      "total_with": -0.22248590692137427,
      "total_without": -0.2126390094038232,
      "annual_with": -0.0723847667217401,
      "mdd_with": 0.24883199022006042,
      "sharpe_with": -1.1110011667209345,
      "win_rate": 0.0,
      "pl": 0.0,
      "n_trades": 6,
      "stop_exit_ratio": 1.0,
      "avg_hold_days": 9.333333333333334,
      "max_consec_loss": 6
    },
    {
      "stock": "贵州茅台",
      "code": "600519.SH",
      "system": "S2",
      "entry": 55,
      "exit": 20,
      "stop": 3,
      "total_with": -0.28605534954304546,
      "total_without": -0.2770135329781299,
      "annual_with": -0.09571063556088855,
      "mdd_with": 0.3102473807859931,
      "sharpe_with": -1.4018445783622822,
      "win_rate": 0.0,
      "pl": 0.0,
      "n_trades": 6,
      "stop_exit_ratio": 0.8333333333333334,
      "avg_hold_days": 11.833333333333334,
      "max_consec_loss": 6
    },
    {
      "stock": "平安银行",
      "code": "000001.SZ",
      "system": "S1",
      "entry": 20,
      "exit": 10,
      "stop": 1,
      "total_with": -0.22164966543114328,
      "total_without": -0.1840272063410877,
      "annual_with": -0.056487154916792015,
      "mdd_with": 0.2688918002384282,
      "sharpe_with": -0.5268691112167045,
      "win_rate": 0.07692307692307693,
      "pl": 4.882186286618606,
      "n_trades": 26,
      "stop_exit_ratio": 0.8846153846153846,
      "avg_hold_days": 6.423076923076923,
      "max_consec_loss": 16
    },
    {
      "stock": "平安银行",
      "code": "000001.SZ",
      "system": "S1",
      "entry": 20,
      "exit": 10,
      "stop": 2,
      "total_with": -0.3008333503305126,
      "total_without": -0.27059282792235606,
      "annual_with": -0.0796863700636884,
      "mdd_with": 0.3215573643569072,
      "sharpe_with": -0.6730300039418391,
      "win_rate": 0.13043478260869565,
      "pl": 2.2827935370546264,
      "n_trades": 23,
      "stop_exit_ratio": 0.7391304347826086,
      "avg_hold_days": 10.608695652173912,
      "max_consec_loss": 11
    },
    {
      "stock": "平安银行",
      "code": "000001.SZ",
      "system": "S1",
      "entry": 20,
      "exit": 10,
      "stop": 3,
      "total_with": -0.21645322821071977,
      "total_without": -0.1867144571721755,
      "annual_with": -0.055029218043399775,
      "mdd_with": 0.24675987301054403,
      "sharpe_with": -0.36113067931577936,
      "win_rate": 0.21052631578947367,
      "pl": 1.877363246434146,
      "n_trades": 19,
      "stop_exit_ratio": 0.42105263157894735,
      "avg_hold_days": 16.157894736842106,
      "max_consec_loss": 6
    },
    {
      "stock": "平安银行",
      "code": "000001.SZ",
      "system": "S2",
      "entry": 55,
      "exit": 20,
      "stop": 1,
      "total_with": -0.05570674341245585,
      "total_without": -0.040187262175022664,
      "annual_with": -0.013212367411862602,
      "mdd_with": 0.12453385437003728,
      "sharpe_with": -0.09922607011369311,
      "win_rate": 0.3333333333333333,
      "pl": 0.7970905054056213,
      "n_trades": 9,
      "stop_exit_ratio": 0.7777777777777778,
      "avg_hold_days": 11.555555555555555,
      "max_consec_loss": 4
    },
    {
      "stock": "平安银行",
      "code": "000001.SZ",
      "system": "S2",
      "entry": 55,
      "exit": 20,
      "stop": 2,
      "total_with": -0.10369839068876563,
      "total_without": -0.09049840629775774,
      "annual_with": -0.02508384407676778,
      "mdd_with": 0.1462399623967836,
      "sharpe_with": -0.22488449605288416,
      "win_rate": 0.25,
      "pl": 1.0171375267340006,
      "n_trades": 8,
      "stop_exit_ratio": 0.625,
      "avg_hold_days": 15.875,
      "max_consec_loss": 4
    },
    {
      "stock": "平安银行",
      "code": "000001.SZ",
      "system": "S2",
      "entry": 55,
      "exit": 20,
      "stop": 3,
      "total_with": -0.131038029502052,
      "total_without": -0.11877618137215573,
      "annual_with": -0.03206658550606856,
      "mdd_with": 0.18918825926210658,
      "sharpe_with": -0.2955102090914601,
      "win_rate": 0.2857142857142857,
      "pl": 0.716727005769983,
      "n_trades": 7,
      "stop_exit_ratio": 0.5714285714285714,
      "avg_hold_days": 21.0,
      "max_consec_loss": 3
    },
    {
      "stock": "三一重工",
      "code": "600031.SH",
      "system": "S1",
      "entry": 20,
      "exit": 10,
      "stop": 1,
      "total_with": -0.1701144434490346,
      "total_without": -0.13065474665101395,
      "annual_with": -0.04234596137170599,
      "mdd_with": 0.21525860358688187,
      "sharpe_with": -0.3323615754640329,
      "win_rate": 0.14285714285714285,
      "pl": 3.1036979302939964,
      "n_trades": 28,
      "stop_exit_ratio": 0.8928571428571429,
      "avg_hold_days": 7.321428571428571,
      "max_consec_loss": 16
    },
    {
      "stock": "三一重工",
      "code": "600031.SH",
      "system": "S1",
      "entry": 20,
      "exit": 10,
      "stop": 2,
      "total_with": 0.026959893964237036,
      "total_without": 0.05980342824434537,
      "annual_with": 0.006192136139631765,