{
  "maotai": {
    "with": {
      "total_return": -0.3829045947996401,
      "annual_return": -0.13422753162675238,
      "mdd": 0.38674069847102754,
      "sharpe": -0.9501766536023764,
      "win_rate": 0.2,
      "profit_loss_ratio": 0.9832488267963263,
      "n_trades": 35
    },
    "without": {
      "total_return": -0.3473314933504671,
      "annual_return": -0.11961777142804009,
      "mdd": 0.3519193178398756,
      "sharpe": -0.8319147895049369,
      "win_rate": 0.2,
      "profit_loss_ratio": 1.1366206853451242,
      "n_trades": 35
    },
    "bh": -0.31040283004144487
  },
  "pingan": {
    "with": {
      "total_return": -0.2775295051443579,
      "annual_return": -0.072657792738819,
      "mdd": 0.39850193782977383,
      "sharpe": -0.3652934110153723,
      "win_rate": 0.20833333333333334,
      "profit_loss_ratio": 2.770089196498496,
      "n_trades": 48
    },
    "without": {
      "total_return": -0.2197633247920422,
      "annual_return": -0.05595705250201821,
      "mdd": 0.35817253166342666,
      "sharpe": -0.25954942226930594,
      "win_rate": 0.22916666666666666,
      "profit_loss_ratio": 2.6734867569313323,
      "n_trades": 48
    },
    "bh": -0.39015606242497347
  },
  "sany": {
    "with": {
      "total_return": -0.22284920592372448,
      "annual_return": -0.05682476505906453,
      "mdd": 0.35182755862832427,
      "sharpe": -0.14180510273641003,
      "win_rate": 0.34146341463414637,
      "profit_loss_ratio": 1.5689577759702018,
      "n_trades": 41
    },
    "without": {
      "total_return": -0.17006502482992647,
      "annual_return": -0.04233272887392936,
      "mdd": 0.3270515510231382,
      "sharpe": -0.07537047947853659,
      "win_rate": 0.36585365853658536,
      "profit_loss_ratio": 1.517528205574455,
      "n_trades": 41
    },
    "bh": -0.23552631578947292
  }
}